sch_id,country,type_name,sch_name
http://www.liuxuebao.com/cn/search/detail-school.aspx?id=4917,瑞士,私立学校,瑞士工商酒店管理学院(BHMS)
http://www.liuxuebao.com/cn/search/detail-school.aspx?id=4856,加拿大,语言学校,汉博学院
http://www.liuxuebao.com/cn/search/detail-school.aspx?id=4855,加拿大,语言学校,金山教育局
http://www.liuxuebao.com/cn/search/detail-school.aspx?id=4857,加拿大,中学,兰加拉学院
http://www.liuxuebao.com/cn/search/detail-school.aspx?id=4853,加拿大,语言学校,高贵林教育局
http://www.liuxuebao.com/cn/search/detail-school.aspx?id=5020,澳洲,语言学校,阿兰摩尔天主教学院
http://www.liuxuebao.com/cn/search/detail-school.aspx?id=5019,澳洲,语言学校,阿奎那学院
http://www.liuxuebao.com/cn/search/detail-school.aspx?id=5013,澳洲,语言学校,黑利伯瑞国际学校
http://www.liuxuebao.com/cn/search/detail-school.aspx?id=5012,澳洲,语言学校,福拜克文法学校
http://www.liuxuebao.com/cn/search/detail-school.aspx?id=5011,澳洲,语言学校,坎伯维尔女子文法学校
http://www.liuxuebao.com/cn/search/detail-school.aspx?id=4835,美国,语言学校,圣莫尼卡学院
http://www.liuxuebao.com/cn/search/detail-school.aspx?id=4834,美国,语言学校,圣芭芭拉城市学院
http://www.liuxuebao.com/cn/search/detail-school.aspx?id=4833,美国,语言学校,罗诺克学院
http://www.liuxuebao.com/cn/search/detail-school.aspx?id=4837,美国,语言学校,圣爱德华大学
http://www.liuxuebao.com/cn/search/detail-school.aspx?id=4838,美国,语言学校,圣-托马斯大学
http://www.liuxuebao.com/cn/search/detail-school.aspx?id=4844,美国,文理学院,伍德伯里大学
http://www.liuxuebao.com/cn/search/detail-school.aspx?id=4836,美国,语言学校,西雅图中央社区学院
http://www.liuxuebao.com/cn/search/detail-school.aspx?id=4823,美国,文理学院,莫瑞麦克学院
http://www.liuxuebao.com/cn/search/detail-school.aspx?id=4821,美国,文理学院,曼哈顿学院
http://www.liuxuebao.com/cn/search/detail-school.aspx?id=4820,美国,文理学院,杰克逊维尔大学
http://www.liuxuebao.com/cn/search/detail-school.aspx?id=4822,美国,文理学院,玛丽伍德大学
http://www.liuxuebao.com/cn/search/detail-school.aspx?id=4819,美国,文理学院,欧文谷社区学院
http://www.liuxuebao.com/cn/search/detail-school.aspx?id=4815,美国,文理学院,爱达荷州立大学
http://www.liuxuebao.com/cn/search/detail-school.aspx?id=4818,美国,文理学院,爱纳大学
http://www.liuxuebao.com/cn/search/detail-school.aspx?id=4816,美国,文理学院,印第安纳理工学院
http://www.liuxuebao.com/cn/search/detail-school.aspx?id=4814,美国,文理学院,海莱恩社区学院
http://www.liuxuebao.com/cn/search/detail-school.aspx?id=4813,美国,文理学院,夏威夷太平洋大学
http://www.liuxuebao.com/cn/search/detail-school.aspx?id=4811,美国,文理学院,金门大学
http://www.liuxuebao.com/cn/search/detail-school.aspx?id=4812,美国,文理学院,哈克姆大学
http://www.liuxuebao.com/cn/search/detail-school.aspx?id=4843,美国,文理学院,韦伯斯特大学
http://www.liuxuebao.com/cn/search/detail-school.aspx?id=4842,美国,文理学院,纽海文大学
http://www.liuxuebao.com/cn/search/detail-school.aspx?id=4831,美国,文理学院,俄克拉荷马市大学
http://www.liuxuebao.com/cn/search/detail-school.aspx?id=4832,美国,文理学院,巴洛玛学院
http://www.liuxuebao.com/cn/search/detail-school.aspx?id=4830,美国,文理学院,纽伯里学院
http://www.liuxuebao.com/cn/search/detail-school.aspx?id=4829,美国,文理学院,新英格兰学院
http://www.liuxuebao.com/cn/search/detail-school.aspx?id=4828,美国,文理学院,美国国立大学
http://www.liuxuebao.com/cn/search/detail-school.aspx?id=4827,美国,文理学院,蒙特塞瑞特艺术大学
http://www.liuxuebao.com/cn/search/detail-school.aspx?id=4824,美国,文理学院,密利克大学
http://www.liuxuebao.com/cn/search/detail-school.aspx?id=4826,美国,文理学院,密尔沃基工学院
http://www.liuxuebao.com/cn/search/detail-school.aspx?id=4839,美国,语言学校,纽约州立大学环境科学与林业科学学院
http://www.liuxuebao.com/cn/search/detail-school.aspx?id=4825,美国,文理学院,密尔赛普斯学院
http://www.liuxuebao.com/cn/search/detail-school.aspx?id=4840,美国,语言学校,纽约州立大学古西堡分校
http://www.liuxuebao.com/cn/search/detail-school.aspx?id=5217,英国,中学,赫斯彼蓬特学院
http://www.liuxuebao.com/cn/search/detail-school.aspx?id=5216,英国,中学,牛津国际公学
http://www.liuxuebao.com/cn/search/detail-school.aspx?id=5196,英国,中学,比思佛德学校
http://www.liuxuebao.com/cn/search/detail-school.aspx?id=5199,英国,中学,萨克维尔学校
http://www.liuxuebao.com/cn/search/detail-school.aspx?id=5197,英国,中学,爱克利伍德学校
http://www.liuxuebao.com/cn/search/detail-school.aspx?id=5198,英国,中学,昆顿豪思学校
http://www.liuxuebao.com/cn/search/detail-school.aspx?id=5187,英国,中学,圣玛莎中学
http://www.liuxuebao.com/cn/search/detail-school.aspx?id=5175,英国,中学,伯克姆斯特德学校
http://www.liuxuebao.com/cn/search/detail-school.aspx?id=5150,英国,中学,西伯尔尼中学
http://www.liuxuebao.com/cn/search/detail-school.aspx?id=5162,英国,中学,莫尔文圣詹姆斯
http://www.liuxuebao.com/cn/search/detail-school.aspx?id=5125,英国,中学,斯坦福中学
http://www.liuxuebao.com/cn/search/detail-school.aspx?id=5149,英国,中学,露丝公学
http://www.liuxuebao.com/cn/search/detail-school.aspx?id=5126,英国,中学,阿博茨霍尔姆学校
http://www.liuxuebao.com/cn/search/detail-school.aspx?id=5124,英国,中学,斯坦福女子中学
http://www.liuxuebao.com/cn/search/detail-school.aspx?id=5089,英国,中学,塔尔博特西斯学校
http://www.liuxuebao.com/cn/search/detail-school.aspx?id=5090,英国,中学,帕克学校
http://www.liuxuebao.com/cn/search/detail-school.aspx?id=5078,英国,中学,凯利山学校
http://www.liuxuebao.com/cn/search/detail-school.aspx?id=5066,英国,中学,牛津圣克莱尔学院
http://www.liuxuebao.com/cn/search/detail-school.aspx?id=5063,英国,中学,圣埃德蒙斯中学
http://www.liuxuebao.com/cn/search/detail-school.aspx?id=5064,英国,中学,利兹海德圣约翰学校
http://www.liuxuebao.com/cn/search/detail-school.aspx?id=5065,英国,中学,圣劳伦斯学院
http://www.liuxuebao.com/cn/search/detail-school.aspx?id=5062,英国,中学,圣列奥纳兹梅菲尔德女子学校
http://www.liuxuebao.com/cn/search/detail-school.aspx?id=5060,英国,中学,希弗德学院
http://www.liuxuebao.com/cn/search/detail-school.aspx?id=5061,英国,中学,斯林顿学院
http://www.liuxuebao.com/cn/search/detail-school.aspx?id=5059,英国,中学,皇家罗素中学
http://www.liuxuebao.com/cn/search/detail-school.aspx?id=5058,英国,中学,卢克伍德学校
http://www.liuxuebao.com/cn/search/detail-school.aspx?id=5077,英国,中学,蒙默斯女校
http://www.liuxuebao.com/cn/search/detail-school.aspx?id=5055,英国,中学,帕莱尔帕克学校
http://www.liuxuebao.com/cn/search/detail-school.aspx?id=5056,英国,中学,皇后安妮学校
http://www.liuxuebao.com/cn/search/detail-school.aspx?id=5057,英国,中学,布莱顿罗丁女子学校
http://www.liuxuebao.com/cn/search/detail-school.aspx?id=5075,英国,中学,唐德塞中学
http://www.liuxuebao.com/cn/search/detail-school.aspx?id=5076,英国,中学,丁克洛斯中学
http://www.liuxuebao.com/cn/search/detail-school.aspx?id=5074,英国,中学,科斯顿女子学校
http://www.liuxuebao.com/cn/search/detail-school.aspx?id=5073,英国,中学,克里夫顿学院
http://www.liuxuebao.com/cn/search/detail-school.aspx?id=5072,英国,中学,克雷斯默学校
http://www.liuxuebao.com/cn/search/detail-school.aspx?id=5069,英国,中学,布鲁顿女子中学
http://www.liuxuebao.com/cn/search/detail-school.aspx?id=5071,英国,中学,乔汀汉学院
http://www.liuxuebao.com/cn/search/detail-school.aspx?id=5070,英国,中学,坎福德学校
http://www.liuxuebao.com/cn/search/detail-school.aspx?id=5068,英国,中学,沃丁翰学校
http://www.liuxuebao.com/cn/search/detail-school.aspx?id=5067,英国,中学,惠灵顿学院
http://www.liuxuebao.com/cn/search/detail-school.aspx?id=5088,英国,中学,斯托佛中学
http://www.liuxuebao.com/cn/search/detail-school.aspx?id=5087,英国,中学,西德科特学校
http://www.liuxuebao.com/cn/search/detail-school.aspx?id=5085,英国,中学,皇后学院陶顿
http://www.liuxuebao.com/cn/search/detail-school.aspx?id=5083,英国,中学,蒙顿康学校
http://www.liuxuebao.com/cn/search/detail-school.aspx?id=5086,英国,中学,谢贝尔学院
http://www.liuxuebao.com/cn/search/detail-school.aspx?id=5084,英国,中学,蒙默斯学校
http://www.liuxuebao.com/cn/search/detail-school.aspx?id=5081,英国,中学,金斯伍德中学
http://www.liuxuebao.com/cn/search/detail-school.aspx?id=5082,英国,中学,米尔菲尔德学校
http://www.liuxuebao.com/cn/search/detail-school.aspx?id=5079,英国,中学,国王布鲁顿学校
http://www.liuxuebao.com/cn/search/detail-school.aspx?id=5080,英国,中学,金斯利学校
http://www.liuxuebao.com/cn/search/detail-school.aspx?id=5113,英国,中学,剑桥圣玛莉中学
http://www.liuxuebao.com/cn/search/detail-school.aspx?id=5114,英国,中学,雷斯中学
http://www.liuxuebao.com/cn/search/detail-school.aspx?id=5101,英国,中学,贝德福德学校
http://www.liuxuebao.com/cn/search/detail-school.aspx?id=5102,英国,中学,卡尔福德学校
http://www.liuxuebao.com/cn/search/detail-school.aspx?id=5100,英国,中学,温德梅尔学校
http://www.liuxuebao.com/cn/search/detail-school.aspx?id=5099,英国,中学,斯托尼赫斯特学院
http://www.liuxuebao.com/cn/search/detail-school.aspx?id=5098,英国,中学,赛德伯中学
http://www.liuxuebao.com/cn/search/detail-school.aspx?id=5097,英国,中学,莱豪中学
http://www.liuxuebao.com/cn/search/detail-school.aspx?id=5096,英国,中学,克科姆文法学校
http://www.liuxuebao.com/cn/search/detail-school.aspx?id=5094,英国,中学,温斯特顿伯特学校
http://www.liuxuebao.com/cn/search/detail-school.aspx?id=5095,英国,中学,威克利夫学院
http://www.liuxuebao.com/cn/search/detail-school.aspx?id=5093,英国,中学,西巴克兰学校
http://www.liuxuebao.com/cn/search/detail-school.aspx?id=5092,英国,中学,特鲁罗学校
http://www.liuxuebao.com/cn/search/detail-school.aspx?id=5091,英国,中学,圣三一学校
http://www.liuxuebao.com/cn/search/detail-school.aspx?id=5112,英国,中学,圣约瑟学校
http://www.liuxuebao.com/cn/search/detail-school.aspx?id=5111,英国,中学,奇威尔学校
http://www.liuxuebao.com/cn/search/detail-school.aspx?id=5110,英国,中学,圣菲力克斯学校
http://www.liuxuebao.com/cn/search/detail-school.aspx?id=5108,英国,中学,伊普斯维奇学校
http://www.liuxuebao.com/cn/search/detail-school.aspx?id=5107,英国,中学,皇家共济会女子中学
http://www.liuxuebao.com/cn/search/detail-school.aspx?id=5109,英国,中学,圣埃德蒙学院
http://www.liuxuebao.com/cn/search/detail-school.aspx?id=5106,英国,中学,高斯菲尔德学校
http://www.liuxuebao.com/cn/search/detail-school.aspx?id=5104,英国,中学,伊利国王学校
http://www.liuxuebao.com/cn/search/detail-school.aspx?id=5105,英国,中学,兰利学校
http://www.liuxuebao.com/cn/search/detail-school.aspx?id=5103,英国,中学,布伦特伍德学校
http://www.liuxuebao.com/cn/search/detail-school.aspx?id=5123,英国,中学,赖特克里夫学院
http://www.liuxuebao.com/cn/search/detail-school.aspx?id=5122,英国,中学,奥克汉学校
http://www.liuxuebao.com/cn/search/detail-school.aspx?id=5121,英国,中学,圣玛丽山学院
http://www.liuxuebao.com/cn/search/detail-school.aspx?id=5120,英国,中学,拉夫堡文法学校
http://www.liuxuebao.com/cn/search/detail-school.aspx?id=5119,英国,中学,林肯敏斯特学校
http://www.liuxuebao.com/cn/search/detail-school.aspx?id=5117,英国,中学,剑桥中心学校
http://www.liuxuebao.com/cn/search/detail-school.aspx?id=5118,英国,中学,阿什比学校
http://www.liuxuebao.com/cn/search/detail-school.aspx?id=5116,英国,中学,伍得布里吉学校
http://www.liuxuebao.com/cn/search/detail-school.aspx?id=5115,英国,中学,皇家医学学校
http://www.liuxuebao.com/cn/search/detail-school.aspx?id=5138,英国,中学,斯卡伯勒学院
http://www.liuxuebao.com/cn/search/detail-school.aspx?id=5137,英国,中学,威斯维夫学校
http://www.liuxuebao.com/cn/search/detail-school.aspx?id=5136,英国,中学,玛格利特女王学校
http://www.liuxuebao.com/cn/search/detail-school.aspx?id=5135,英国,中学,弗灵霍尔学校
http://www.liuxuebao.com/cn/search/detail-school.aspx?id=5134,英国,中学,福耐克中学
http://www.liuxuebao.com/cn/search/detail-school.aspx?id=5133,英国,中学,布斯汉姆学校
http://www.liuxuebao.com/cn/search/detail-school.aspx?id=5132,英国,中学,巴那堡中学
http://www.liuxuebao.com/cn/search/detail-school.aspx?id=5131,英国,中学,艾克沃斯学校
http://www.liuxuebao.com/cn/search/detail-school.aspx?id=5129,英国,中学,斯顿拉中学
http://www.liuxuebao.com/cn/search/detail-school.aspx?id=5130,英国,中学,皇家沃福汉普顿中学
http://www.liuxuebao.com/cn/search/detail-school.aspx?id=5128,英国,中学,艾丽斯密尔学院
http://www.liuxuebao.com/cn/search/detail-school.aspx?id=5127,英国,中学,布罗蒙思林苑学校
http://www.liuxuebao.com/cn/search/detail-school.aspx?id=5148,英国,中学,斯特拉撒伦中学
http://www.liuxuebao.com/cn/search/detail-school.aspx?id=5147,英国,中学,费蒂斯中学
http://www.liuxuebao.com/cn/search/detail-school.aspx?id=5146,英国,中学,劳莱特学校
http://www.liuxuebao.com/cn/search/detail-school.aspx?id=5145,英国,中学,罗蒙德学校
http://www.liuxuebao.com/cn/search/detail-school.aspx?id=5143,英国,中学,格兰诺蒙德学院
http://www.liuxuebao.com/cn/search/detail-school.aspx?id=5144,英国,中学,基尔格雷斯顿学校
http://www.liuxuebao.com/cn/search/detail-school.aspx?id=5142,英国,中学,立德学校
http://www.liuxuebao.com/cn/search/detail-school.aspx?id=5141,英国,中学,蒙特中学
http://www.liuxuebao.com/cn/search/detail-school.aspx?id=5140,英国,中学,圣詹姆斯学校
http://www.liuxuebao.com/cn/search/detail-school.aspx?id=5139,英国,中学,约克圣彼得中学
http://www.liuxuebao.com/cn/search/detail-school.aspx?id=5161,英国,中学,维克特勒中学
http://www.liuxuebao.com/cn/search/detail-school.aspx?id=5158,英国,中学,津格尔斯威克学校
http://www.liuxuebao.com/cn/search/detail-school.aspx?id=5159,英国,中学,威廉国王学院
http://www.liuxuebao.com/cn/search/detail-school.aspx?id=5160,英国,中学,路易斯顿中学
http://www.liuxuebao.com/cn/search/detail-school.aspx?id=5157,英国,中学,埃克塞特学院
http://www.liuxuebao.com/cn/search/detail-school.aspx?id=5156,英国,中学,达利奇学院
http://www.liuxuebao.com/cn/search/detail-school.aspx?id=5154,英国,中学,伯恩茅斯学校
http://www.liuxuebao.com/cn/search/detail-school.aspx?id=5153,英国,中学,奥斯汀中学
http://www.liuxuebao.com/cn/search/detail-school.aspx?id=5155,英国,中学,切尔西学院
http://www.liuxuebao.com/cn/search/detail-school.aspx?id=5152,英国,中学,皇家学院
http://www.liuxuebao.com/cn/search/detail-school.aspx?id=5174,英国,中学,艾姆培尔福斯学院
http://www.liuxuebao.com/cn/search/detail-school.aspx?id=5173,英国,中学,阿登翰学校
http://www.liuxuebao.com/cn/search/detail-school.aspx?id=5172,英国,中学,威克姆中学
http://www.liuxuebao.com/cn/search/detail-school.aspx?id=5151,英国,中学,坎贝尔学院
http://www.liuxuebao.com/cn/search/detail-school.aspx?id=5171,英国,中学,圣特里萨中学
http://www.liuxuebao.com/cn/search/detail-school.aspx?id=5169,英国,中学,圣弗朗西斯中学
http://www.liuxuebao.com/cn/search/detail-school.aspx?id=5170,英国,中学,圣约翰学院
http://www.liuxuebao.com/cn/search/detail-school.aspx?id=5168,英国,中学,谢拉德伍德中学
http://www.liuxuebao.com/cn/search/detail-school.aspx?id=5167,英国,中学,瑞德尔潘霍斯高中
http://www.liuxuebao.com/cn/search/detail-school.aspx?id=5166,英国,中学,若克坡特学校
http://www.liuxuebao.com/cn/search/detail-school.aspx?id=5165,英国,中学,帕莱尔菲尔德学校
http://www.liuxuebao.com/cn/search/detail-school.aspx?id=5164,英国,中学,海伦娜公主学院
http://www.liuxuebao.com/cn/search/detail-school.aspx?id=5186,英国,中学,圣约翰公学
http://www.liuxuebao.com/cn/search/detail-school.aspx?id=5185,英国,中学,沃克索普学院
http://www.liuxuebao.com/cn/search/detail-school.aspx?id=5184,英国,中学,阿宾汉姆学校
http://www.liuxuebao.com/cn/search/detail-school.aspx?id=5183,英国,中学,都铎堂学校
http://www.liuxuebao.com/cn/search/detail-school.aspx?id=5181,英国,中学,舒兹伯利学校
http://www.liuxuebao.com/cn/search/detail-school.aspx?id=5182,英国,中学,圣爱德华学校 (牛津)
http://www.liuxuebao.com/cn/search/detail-school.aspx?id=5180,英国,中学,潘伯尼学院
http://www.liuxuebao.com/cn/search/detail-school.aspx?id=5179,英国,中学,莫顿堂女子中学
http://www.liuxuebao.com/cn/search/detail-school.aspx?id=5177,英国,中学,海丁顿中学
http://www.liuxuebao.com/cn/search/detail-school.aspx?id=5178,英国,中学,莫契斯东中学
http://www.liuxuebao.com/cn/search/detail-school.aspx?id=5176,英国,中学,布莱德菲尔德学院
http://www.liuxuebao.com/cn/search/detail-school.aspx?id=5195,英国,中学,北安普顿女子高中
http://www.liuxuebao.com/cn/search/detail-school.aspx?id=5194,英国,中学,赫里福德教会中学
http://www.liuxuebao.com/cn/search/detail-school.aspx?id=5192,英国,中学,莱斯特文法学校
http://www.liuxuebao.com/cn/search/detail-school.aspx?id=5191,英国,中学,米德尔顿公学
http://www.liuxuebao.com/cn/search/detail-school.aspx?id=5193,英国,中学,巴布莱克学校
http://www.liuxuebao.com/cn/search/detail-school.aspx?id=5190,英国,中学,莱斯特蒙迪学院
http://www.liuxuebao.com/cn/search/detail-school.aspx?id=5189,英国,中学,阿德科特女子中学
http://www.liuxuebao.com/cn/search/detail-school.aspx?id=5188,英国,中学,克莱蒙特学校
http://www.liuxuebao.com/cn/search/detail-school.aspx?id=5212,英国,中学,谢尔菲德学校
http://www.liuxuebao.com/cn/search/detail-school.aspx?id=5211,英国,中学,拉肯顿学校
http://www.liuxuebao.com/cn/search/detail-school.aspx?id=5210,英国,中学,布劳克斯翰学校
http://www.liuxuebao.com/cn/search/detail-school.aspx?id=5208,英国,中学,邦德瑞橡树学校
http://www.liuxuebao.com/cn/search/detail-school.aspx?id=5209,英国,中学,阿尔伯马学院
http://www.liuxuebao.com/cn/search/detail-school.aspx?id=5207,英国,中学,奇尔顿坎特罗学校
http://www.liuxuebao.com/cn/search/detail-school.aspx?id=5204,英国,中学,西伯福德学校
http://www.liuxuebao.com/cn/search/detail-school.aspx?id=5205,英国,中学,萨顿瓦斯学校
http://www.liuxuebao.com/cn/search/detail-school.aspx?id=5203,英国,中学,圣爱德华学校 (切尔滕纳姆)
http://www.liuxuebao.com/cn/search/detail-school.aspx?id=5202,英国,中学,格鲁斯特国王学校
http://www.liuxuebao.com/cn/search/detail-school.aspx?id=5215,英国,中学,威灵堡学校
http://www.liuxuebao.com/cn/search/detail-school.aspx?id=5200,英国,中学,纽卡斯尔安德莱姆学校
http://www.liuxuebao.com/cn/search/detail-school.aspx?id=5214,英国,中学,瑞德兰女校
http://www.liuxuebao.com/cn/search/detail-school.aspx?id=5201,英国,中学,温斯特霍姆学校
http://www.liuxuebao.com/cn/search/detail-school.aspx?id=5213,英国,中学,伊丽莎白女王男校
http://www.liuxuebao.com/cn/search/detail-school.aspx?id=5054,英国,中学,欧拉托里学校
http://www.liuxuebao.com/cn/search/detail-school.aspx?id=5053,英国,中学,莫勒斯皇家学校
http://www.liuxuebao.com/cn/search/detail-school.aspx?id=5051,英国,中学,玛丽蒙德国际学校
http://www.liuxuebao.com/cn/search/detail-school.aspx?id=5050,英国,中学,雷顿帕克学校
http://www.liuxuebao.com/cn/search/detail-school.aspx?id=5040,英国,中学,爱普森学院
http://www.liuxuebao.com/cn/search/detail-school.aspx?id=5041,英国,中学,法林顿斯中学
http://www.liuxuebao.com/cn/search/detail-school.aspx?id=5039,英国,中学,伊斯堡学院
http://www.liuxuebao.com/cn/search/detail-school.aspx?id=4881,英国,中学,剑桥文理学院
http://www.liuxuebao.com/cn/search/detail-school.aspx?id=4880,英国,中学,伊莎伯格女皇学院
http://www.liuxuebao.com/cn/search/detail-school.aspx?id=4869,英国,中学,阿贝学院剑桥分院
http://www.liuxuebao.com/cn/search/detail-school.aspx?id=1604,英国,中学,切斯特大学
http://www.liuxuebao.com/cn/search/detail-school.aspx?id=1621,英国,中学,安格利亚鲁斯金大学
http://www.liuxuebao.com/cn/search/detail-school.aspx?id=1617,英国,中学,阿伯泰大学
http://www.liuxuebao.com/cn/search/detail-school.aspx?id=1603,英国,中学,谢菲尔德哈勒姆大学
http://www.liuxuebao.com/cn/search/detail-school.aspx?id=1572,英国,中学,朴茨茅斯大学
http://www.liuxuebao.com/cn/search/detail-school.aspx?id=1574,英国,中学,罗伯特戈登大学
http://www.liuxuebao.com/cn/search/detail-school.aspx?id=1624,英国,中学,格林多大学
http://www.liuxuebao.com/cn/search/detail-school.aspx?id=1553,英国,中学,萨里大学
http://www.liuxuebao.com/cn/search/detail-school.aspx?id=1597,英国,中学,亚伯大学
http://www.liuxuebao.com/cn/search/detail-school.aspx?id=1521,英国,中学,布鲁内尔大学
http://www.liuxuebao.com/cn/search/detail-school.aspx?id=1590,英国,中学,伦敦政治经济学院
http://www.liuxuebao.com/cn/search/detail-school.aspx?id=1595,英国,中学,贝尔法斯特女王大学
http://www.liuxuebao.com/cn/search/detail-school.aspx?id=1536,英国,中学,巴斯大学
http://www.liuxuebao.com/cn/search/detail-school.aspx?id=1548,英国,中学,雷丁大学
http://www.liuxuebao.com/cn/search/detail-school.aspx?id=1537,英国,中学,东英吉利大学
http://www.liuxuebao.com/cn/search/detail-school.aspx?id=1596,英国,中学,邓迪大学
http://www.liuxuebao.com/cn/search/detail-school.aspx?id=1554,英国,中学,约克大学
http://www.liuxuebao.com/cn/search/detail-school.aspx?id=1558,英国,中学,萨塞克斯大学
http://www.liuxuebao.com/cn/search/detail-school.aspx?id=1525,英国,中学,基尔大学
http://www.liuxuebao.com/cn/search/detail-school.aspx?id=1585,英国,中学,坎特伯雷基督教会大学
http://www.liuxuebao.com/cn/search/detail-school.aspx?id=1544,英国,中学,莱斯特大学
http://www.liuxuebao.com/cn/search/detail-school.aspx?id=1524,英国,中学,赫瑞瓦特大学
http://www.liuxuebao.com/cn/search/detail-school.aspx?id=1557,英国,中学,埃克塞特大学
http://www.liuxuebao.com/cn/search/detail-school.aspx?id=1628,英国,中学,新白金汉大学
http://www.liuxuebao.com/cn/search/detail-school.aspx?id=1612,英国,中学,伍斯特大学
http://www.liuxuebao.com/cn/search/detail-school.aspx?id=1582,英国,中学,考文垂大学
http://www.liuxuebao.com/cn/search/detail-school.aspx?id=1633,英国,中学,纽曼大学
http://www.liuxuebao.com/cn/search/detail-school.aspx?id=1635,英国,中学,利兹三一大学
http://www.liuxuebao.com/cn/search/detail-school.aspx?id=1608,英国,中学,约克圣约翰大学
http://www.liuxuebao.com/cn/search/detail-school.aspx?id=1614,英国,中学,曼彻斯特都会大学
http://www.liuxuebao.com/cn/search/detail-school.aspx?id=1552,英国,中学,斯特拉斯克莱德大学
http://www.liuxuebao.com/cn/search/detail-school.aspx?id=1623,英国,中学,伦敦南岸大学
http://www.liuxuebao.com/cn/search/detail-school.aspx?id=1579,英国,中学,温切斯特大学
http://www.liuxuebao.com/cn/search/detail-school.aspx?id=1619,英国,中学,利兹贝克特大学
http://www.liuxuebao.com/cn/search/detail-school.aspx?id=1616,英国,中学,利物浦约翰摩尔斯大学
http://www.liuxuebao.com/cn/search/detail-school.aspx?id=1580,英国,中学,爱丁堡龙比亚大学
http://www.liuxuebao.com/cn/search/detail-school.aspx?id=1607,英国,中学,提赛德大学
http://www.liuxuebao.com/cn/search/detail-school.aspx?id=1570,英国,中学,斯旺西大学
http://www.liuxuebao.com/cn/search/detail-school.aspx?id=1561,英国,中学,伦敦城市大学
http://www.liuxuebao.com/cn/search/detail-school.aspx?id=1581,英国,中学,格拉斯哥卡利多尼亚大学
http://www.liuxuebao.com/cn/search/detail-school.aspx?id=1523,英国,中学,伦敦大学金史密斯学院
http://www.liuxuebao.com/cn/search/detail-school.aspx?id=1584,英国,中学,德蒙福特大学
http://www.liuxuebao.com/cn/search/detail-school.aspx?id=1534,英国,中学,桑德兰大学
http://www.liuxuebao.com/cn/search/detail-school.aspx?id=1532,英国,中学,牛津布鲁克斯大学
http://www.liuxuebao.com/cn/search/detail-school.aspx?id=1594,英国,中学,白金汉大学
http://www.liuxuebao.com/cn/search/detail-school.aspx?id=1583,英国,中学,伦敦艺术大学
http://www.liuxuebao.com/cn/search/detail-school.aspx?id=1564,英国,中学,伯明翰大学学院
http://www.liuxuebao.com/cn/search/detail-school.aspx?id=1618,英国,中学,创意艺术大学
http://www.liuxuebao.com/cn/search/detail-school.aspx?id=1535,英国,中学,阿斯顿大学
http://www.liuxuebao.com/cn/search/detail-school.aspx?id=1613,英国,中学,金斯顿大学
http://www.liuxuebao.com/cn/search/detail-school.aspx?id=1530,英国,中学,诺桑比亚大学
http://www.liuxuebao.com/cn/search/detail-school.aspx?id=1531,英国,中学,诺丁汉特伦特大学
http://www.liuxuebao.com/cn/search/detail-school.aspx?id=1620,英国,中学,贝德福特大学
http://www.liuxuebao.com/cn/search/detail-school.aspx?id=1578,英国,中学,西英格兰大学
http://www.liuxuebao.com/cn/search/detail-school.aspx?id=1622,英国,中学,西苏格兰大学
http://www.liuxuebao.com/cn/search/detail-school.aspx?id=1587,英国,中学,威斯敏斯特大学
http://www.liuxuebao.com/cn/search/detail-school.aspx?id=1634,英国,中学,卡迪夫城市大学
http://www.liuxuebao.com/cn/search/detail-school.aspx?id=1551,英国,中学,斯特灵大学
http://www.liuxuebao.com/cn/search/detail-school.aspx?id=1575,英国,中学,阿尔斯特大学
http://www.liuxuebao.com/cn/search/detail-school.aspx?id=1609,英国,中学,史塔福郡大学
http://www.liuxuebao.com/cn/search/detail-school.aspx?id=1567,英国,中学,伦敦大学亚非学院
http://www.liuxuebao.com/cn/search/detail-school.aspx?id=1571,英国,中学,南威尔士大学
http://www.liuxuebao.com/cn/search/detail-school.aspx?id=1606,英国,中学,洛瀚普顿大学
http://www.liuxuebao.com/cn/search/detail-school.aspx?id=1605,英国,中学,爱丁堡玛格丽特女王大学
http://www.liuxuebao.com/cn/search/detail-school.aspx?id=1629,英国,中学,南安普顿索伦特大学
http://www.liuxuebao.com/cn/search/detail-school.aspx?id=1543,英国,中学,肯特大学
http://www.liuxuebao.com/cn/search/detail-school.aspx?id=1542,英国,中学,赫尔大学
http://www.liuxuebao.com/cn/search/detail-school.aspx?id=1541,英国,中学,哈德斯费尔德大学
http://www.liuxuebao.com/cn/search/detail-school.aspx?id=1632,英国,中学,伯恩茅斯艺术学院
http://www.liuxuebao.com/cn/search/detail-school.aspx?id=1562,英国,中学,伯明翰城市大学
http://www.liuxuebao.com/cn/search/detail-school.aspx?id=1601,英国,中学,伯恩茅斯大学
http://www.liuxuebao.com/cn/search/detail-school.aspx?id=1573,英国,中学,班戈大学
http://www.liuxuebao.com/cn/search/detail-school.aspx?id=1625,英国,中学,巴斯斯巴大学
http://www.liuxuebao.com/cn/search/detail-school.aspx?id=1576,英国,中学,中央兰开夏大学
http://www.liuxuebao.com/cn/search/detail-school.aspx?id=1630,英国,中学,东伦敦大学
http://www.liuxuebao.com/cn/search/detail-school.aspx?id=1627,英国,中学,哥比亚大学
http://www.liuxuebao.com/cn/search/detail-school.aspx?id=1602,英国,中学,布莱顿大学
http://www.liuxuebao.com/cn/search/detail-school.aspx?id=1600,英国,中学,布拉德福德大学
http://www.liuxuebao.com/cn/search/detail-school.aspx?id=1631,英国,中学,博尔顿大学
http://www.liuxuebao.com/cn/search/detail-school.aspx?id=1611,英国,中学,米德塞克斯大学
http://www.liuxuebao.com/cn/search/detail-school.aspx?id=1569,英国,中学,伦敦大学皇家霍洛威学院
http://www.liuxuebao.com/cn/search/detail-school.aspx?id=1599,英国,中学,林肯大学
http://www.liuxuebao.com/cn/search/detail-school.aspx?id=1610,英国,中学,索尔福德大学
http://www.liuxuebao.com/cn/search/detail-school.aspx?id=4581,英国,中学,NCUK INTO曼彻斯特中心
http://www.liuxuebao.com/cn/search/detail-school.aspx?id=1547,英国,中学,普利茅斯大学
http://www.liuxuebao.com/cn/search/detail-school.aspx?id=4579,英国,中学,格拉斯哥艺术学院
http://www.liuxuebao.com/cn/search/detail-school.aspx?id=4578,英国,中学,帕德沃斯学院
http://www.liuxuebao.com/cn/search/detail-school.aspx?id=1586,英国,中学,北安普顿大学
http://www.liuxuebao.com/cn/search/detail-school.aspx?id=1637,英国,中学,威尔士三一圣戴维大学
http://www.liuxuebao.com/cn/search/detail-school.aspx?id=1565,英国,中学,赫特福德大学
http://www.liuxuebao.com/cn/search/detail-school.aspx?id=1636,英国,中学,克兰菲尔德大学
http://www.liuxuebao.com/cn/search/detail-school.aspx?id=1615,英国,中学,格林威治大学
http://www.liuxuebao.com/cn/search/detail-school.aspx?id=1577,英国,中学,格鲁斯特郡大学
http://www.liuxuebao.com/cn/search/detail-school.aspx?id=1539,英国,中学,埃塞克斯大学
http://www.liuxuebao.com/cn/search/detail-school.aspx?id=1626,英国,中学,德比大学
http://www.liuxuebao.com/cn/search/detail-school.aspx?id=1598,英国,中学,奇彻斯特大学
http://www.liuxuebao.com/cn/search/detail-school.aspx?id=4867,英国,中学,奥赛斯特学校
http://www.liuxuebao.com/cn/search/detail-school.aspx?id=4865,英国,中学,圣比兹高中
http://www.liuxuebao.com/cn/search/detail-school.aspx?id=4895,英国,中学,伦敦摄政大学
http://www.liuxuebao.com/cn/search/detail-school.aspx?id=4799,英国,中学,剑桥视觉及表演艺术学校
http://www.liuxuebao.com/cn/search/detail-school.aspx?id=4866,英国,中学,普利茅斯学院
http://www.liuxuebao.com/cn/search/detail-school.aspx?id=4868,英国,中学,阿什本学院
http://www.liuxuebao.com/cn/search/detail-school.aspx?id=4798,英国,中学,剑桥都德斯学院(ctc)
http://www.liuxuebao.com/cn/search/detail-school.aspx?id=4797,英国,中学,莫尔文圣詹姆斯中学
http://www.liuxuebao.com/cn/search/detail-school.aspx?id=4796,英国,中学,圣佛朗西斯女子学校
http://www.liuxuebao.com/cn/search/detail-school.aspx?id=4790,英国,中学,西伦敦大学
http://www.liuxuebao.com/cn/search/detail-school.aspx?id=4879,英国,中学,卡迪夫高中
http://www.liuxuebao.com/cn/search/detail-school.aspx?id=4791,英国,中学,雷文斯本艺术与设计学院
http://www.liuxuebao.com/cn/search/detail-school.aspx?id=4876,英国,中学,曼彻斯特学院
http://www.liuxuebao.com/cn/search/detail-school.aspx?id=4874,英国,中学,安培德私立高中（MPW）
http://www.liuxuebao.com/cn/search/detail-school.aspx?id=4877,英国,中学,里士满学院
http://www.liuxuebao.com/cn/search/detail-school.aspx?id=4875,英国,中学,剑桥圣安德鲁学院
http://www.liuxuebao.com/cn/search/detail-school.aspx?id=4878,英国,中学,吉尔福德学院
http://www.liuxuebao.com/cn/search/detail-school.aspx?id=4873,英国,中学,莱斯顿学院
http://www.liuxuebao.com/cn/search/detail-school.aspx?id=4872,英国,中学,大卫歌姆学院
http://www.liuxuebao.com/cn/search/detail-school.aspx?id=4871,英国,中学,杜夫米勒学院
http://www.liuxuebao.com/cn/search/detail-school.aspx?id=4870,英国,中学,牛津辅导学院
http://www.liuxuebao.com/cn/search/detail-school.aspx?id=5028,英国,中学,卡迪夫公学
http://www.liuxuebao.com/cn/search/detail-school.aspx?id=5026,英国,中学,阿贝学院伯明翰分院
http://www.liuxuebao.com/cn/search/detail-school.aspx?id=5025,英国,中学,阿贝学院伦敦分院
http://www.liuxuebao.com/cn/search/detail-school.aspx?id=5027,英国,中学,阿贝学院曼彻斯特分院
http://www.liuxuebao.com/cn/search/detail-school.aspx?id=5024,英国,中学,沃克布克学校
http://www.liuxuebao.com/cn/search/detail-school.aspx?id=5022,英国,中学,第欧瓦罗克斯学院
http://www.liuxuebao.com/cn/search/detail-school.aspx?id=5023,英国,中学,兰得福瑞中学
http://www.liuxuebao.com/cn/search/detail-school.aspx?id=5021,英国,中学,陶顿中学
http://www.liuxuebao.com/cn/search/detail-school.aspx?id=4921,英国,中学,巴斯皇家中学
http://www.liuxuebao.com/cn/search/detail-school.aspx?id=4920,英国,中学,巴德明顿中学
http://www.liuxuebao.com/cn/search/detail-school.aspx?id=4919,英国,中学,博格斯希尔女子学校
http://www.liuxuebao.com/cn/search/detail-school.aspx?id=4898,英国,中学,伦敦大学伯贝克学院
http://www.liuxuebao.com/cn/search/detail-school.aspx?id=4892,英国,中学,派得沃斯学院
http://www.liuxuebao.com/cn/search/detail-school.aspx?id=4891,英国,中学,切斯文法学校
http://www.liuxuebao.com/cn/search/detail-school.aspx?id=4890,英国,中学,埃瑟顿教育
http://www.liuxuebao.com/cn/search/detail-school.aspx?id=4889,英国,中学,泰滕豪学院
http://www.liuxuebao.com/cn/search/detail-school.aspx?id=4888,英国,中学,哈罗盖特女子学校
http://www.liuxuebao.com/cn/search/detail-school.aspx?id=4887,英国,中学,福兰兹中学
http://www.liuxuebao.com/cn/search/detail-school.aspx?id=4886,英国,中学,协和学院
http://www.liuxuebao.com/cn/search/detail-school.aspx?id=4893,英国,中学,罗素中学
http://www.liuxuebao.com/cn/search/detail-school.aspx?id=4884,英国,中学,博斯希尔中学
http://www.liuxuebao.com/cn/search/detail-school.aspx?id=4882,英国,中学,圣詹姆斯女子高中
http://www.liuxuebao.com/cn/search/detail-school.aspx?id=4885,英国,中学,博斯学院
http://www.liuxuebao.com/cn/search/detail-school.aspx?id=4883,英国,中学,英格兰美式学校
http://www.liuxuebao.com/cn/search/detail-school.aspx?id=5038,英国,中学,厄尔克里菲学院
http://www.liuxuebao.com/cn/search/detail-school.aspx?id=5037,英国,中学,多佛学院
http://www.liuxuebao.com/cn/search/detail-school.aspx?id=5036,英国,中学,巴克斯伍德学校
http://www.liuxuebao.com/cn/search/detail-school.aspx?id=5034,英国,中学,贝瑟尼学校
http://www.liuxuebao.com/cn/search/detail-school.aspx?id=5035,英国,中学,布莱顿学院
http://www.liuxuebao.com/cn/search/detail-school.aspx?id=5033,英国,中学,雷登豪斯中学
http://www.liuxuebao.com/cn/search/detail-school.aspx?id=5031,英国,中学,阿什福德学校
http://www.liuxuebao.com/cn/search/detail-school.aspx?id=5030,英国,中学,国王学院
http://www.liuxuebao.com/cn/search/detail-school.aspx?id=5032,英国,中学,贝特阿贝学校
http://www.liuxuebao.com/cn/search/detail-school.aspx?id=5049,英国,中学,拉万特谷女子学校
http://www.liuxuebao.com/cn/search/detail-school.aspx?id=5048,英国,中学,兰馨学院
http://www.liuxuebao.com/cn/search/detail-school.aspx?id=5047,英国,中学,凯斯麦德学校
http://www.liuxuebao.com/cn/search/detail-school.aspx?id=5046,英国,中学,金汉姆希尔中学
http://www.liuxuebao.com/cn/search/detail-school.aspx?id=5045,英国,中学,爱德华国王学校
http://www.liuxuebao.com/cn/search/detail-school.aspx?id=5044,英国,中学,肯特学院
http://www.liuxuebao.com/cn/search/detail-school.aspx?id=5043,英国,中学,赫特伍得豪斯学校
http://www.liuxuebao.com/cn/search/detail-school.aspx?id=5042,英国,中学,格林菲尔德学校
http://www.liuxuebao.com/cn/search/detail-school.aspx?id=5010,澳洲,语言学校,澳津学院
http://www.liuxuebao.com/cn/search/detail-school.aspx?id=5009,澳洲,语言学校,楷模国际中学
http://www.liuxuebao.com/cn/search/detail-school.aspx?id=5007,澳洲,语言学校,古尔谷文法学校
http://www.liuxuebao.com/cn/search/detail-school.aspx?id=5008,澳洲,语言学校,汉密尔顿亚历山大学院
http://www.liuxuebao.com/cn/search/detail-school.aspx?id=5006,澳洲,语言学校,诺克斯学校
http://www.liuxuebao.com/cn/search/detail-school.aspx?id=5005,澳洲,语言学校,圣凯瑟琳学院
http://www.liuxuebao.com/cn/search/detail-school.aspx?id=5003,澳洲,语言学校,圣迈克尔文法学校
http://www.liuxuebao.com/cn/search/detail-school.aspx?id=5004,澳洲,语言学校,半岛学院
http://www.liuxuebao.com/cn/search/detail-school.aspx?id=5002,澳洲,语言学校,艾森学院
http://www.liuxuebao.com/cn/search/detail-school.aspx?id=1563,英国,中学,阿伯丁大学
http://www.liuxuebao.com/cn/search/detail-school.aspx?id=1527,英国,中学,兰卡斯特大学
http://www.liuxuebao.com/cn/search/detail-school.aspx?id=1566,英国,中学,利兹大学
http://www.liuxuebao.com/cn/search/detail-school.aspx?id=1559,英国,中学,伯明翰大学
http://www.liuxuebao.com/cn/search/detail-school.aspx?id=1540,英国,中学,格拉斯哥大学
http://www.liuxuebao.com/cn/search/detail-school.aspx?id=1568,英国,中学,曼彻斯特大学
http://www.liuxuebao.com/cn/search/detail-school.aspx?id=1555,英国,中学,布里斯托大学
http://www.liuxuebao.com/cn/search/detail-school.aspx?id=1538,英国,中学,爱丁堡大学
http://www.liuxuebao.com/cn/search/detail-school.aspx?id=1592,英国,中学,伦敦大学学院
http://www.liuxuebao.com/cn/search/detail-school.aspx?id=1528,英国,中学,拉夫堡大学
http://www.liuxuebao.com/cn/search/detail-school.aspx?id=1591,英国,中学,伦敦帝国理工学院
http://www.liuxuebao.com/cn/search/detail-school.aspx?id=1526,英国,中学,伦敦大学国王学院
http://www.liuxuebao.com/cn/search/detail-school.aspx?id=1588,英国,中学,牛津大学
http://www.liuxuebao.com/cn/search/detail-school.aspx?id=1593,英国,中学,圣安德鲁斯大学
http://www.liuxuebao.com/cn/search/detail-school.aspx?id=1589,英国,中学,剑桥大学
http://www.liuxuebao.com/cn/search/detail-school.aspx?id=1556,英国,中学,杜伦大学
http://www.liuxuebao.com/cn/search/detail-school.aspx?id=1522,英国,中学,卡迪夫大学
http://www.liuxuebao.com/cn/search/detail-school.aspx?id=1529,英国,中学,纽卡斯尔大学
http://www.liuxuebao.com/cn/search/detail-school.aspx?id=1533,英国,中学,伦敦大学玛丽皇后学院
http://www.liuxuebao.com/cn/search/detail-school.aspx?id=1560,英国,中学,华威大学
http://www.liuxuebao.com/cn/search/detail-school.aspx?id=1545,英国,中学,利物浦大学
http://www.liuxuebao.com/cn/search/detail-school.aspx?id=1549,英国,中学,谢菲尔德大学
http://www.liuxuebao.com/cn/search/detail-school.aspx?id=1546,英国,中学,诺丁汉大学
http://www.liuxuebao.com/cn/search/detail-school.aspx?id=1550,英国,中学,南安普顿大学
http://www.liuxuebao.com/cn/search/detail-school.aspx?id=5018,澳洲,语言学校,图雅特学院
http://www.liuxuebao.com/cn/search/detail-school.aspx?id=5016,澳洲,语言学校,圣乔治圣公会文法学校
http://www.liuxuebao.com/cn/search/detail-school.aspx?id=5017,澳洲,语言学校,坎宁学院
http://www.liuxuebao.com/cn/search/detail-school.aspx?id=5015,澳洲,语言学校,基督教兄弟学院
http://www.liuxuebao.com/cn/search/detail-school.aspx?id=5014,澳洲,语言学校,坎伯维尔文法学校
http://www.liuxuebao.com/cn/search/detail-school.aspx?id=4794,加拿大,中学,皇家山大学
http://www.liuxuebao.com/cn/search/detail-school.aspx?id=4793,加拿大,中学,南阿尔伯塔理工学院
http://www.liuxuebao.com/cn/search/detail-school.aspx?id=4795,加拿大,中学,乔治布朗学院
http://www.liuxuebao.com/cn/search/detail-school.aspx?id=4582,加拿大,中学,阿卡迪亚大学
http://www.liuxuebao.com/cn/search/detail-school.aspx?id=4584,加拿大,中学,卡尔顿大学
http://www.liuxuebao.com/cn/search/detail-school.aspx?id=4583,加拿大,中学,布鲁克大学
http://www.liuxuebao.com/cn/search/detail-school.aspx?id=4594,加拿大,中学,尼皮辛大学
http://www.liuxuebao.com/cn/search/detail-school.aspx?id=4589,加拿大,中学,劳伦森大学
http://www.liuxuebao.com/cn/search/detail-school.aspx?id=4612,加拿大,中学,爱德华王子岛大学
http://www.liuxuebao.com/cn/search/detail-school.aspx?id=4610,加拿大,中学,安省理工大学
http://www.liuxuebao.com/cn/search/detail-school.aspx?id=4588,加拿大,中学,湖首大学
http://www.liuxuebao.com/cn/search/detail-school.aspx?id=4851,加拿大,语言学校,康尼斯加学院
http://www.liuxuebao.com/cn/search/detail-school.aspx?id=4850,加拿大,语言学校,哥伦比亚国际学院
http://www.liuxuebao.com/cn/search/detail-school.aspx?id=4852,加拿大,语言学校,高贵林学院
http://www.liuxuebao.com/cn/search/detail-school.aspx?id=4848,加拿大,语言学校,百年理工学院
http://www.liuxuebao.com/cn/search/detail-school.aspx?id=4847,加拿大,语言学校,卡莫森学院
http://www.liuxuebao.com/cn/search/detail-school.aspx?id=4846,加拿大,语言学校,伯纳比学区
http://www.liuxuebao.com/cn/search/detail-school.aspx?id=4845,加拿大,语言学校,博域中学
http://www.liuxuebao.com/cn/search/detail-school.aspx?id=4894,加拿大,语言学校,不列颠哥伦比亚理工大学
http://www.liuxuebao.com/cn/search/detail-school.aspx?id=4861,加拿大,语言学校,萨里学区
http://www.liuxuebao.com/cn/search/detail-school.aspx?id=4810,美国,文理学院,山麓学院
http://www.liuxuebao.com/cn/search/detail-school.aspx?id=4770,美国,文理学院,佛罗里达大西洋大学
http://www.liuxuebao.com/cn/search/detail-school.aspx?id=4778,美国,文理学院,威得恩大学
http://www.liuxuebao.com/cn/search/detail-school.aspx?id=4774,美国,文理学院,罗斯福大学
http://www.liuxuebao.com/cn/search/detail-school.aspx?id=4751,美国,文理学院,怀俄明大学
http://www.liuxuebao.com/cn/search/detail-school.aspx?id=4742,美国,文理学院,马凯特大学
http://www.liuxuebao.com/cn/search/detail-school.aspx?id=4740,美国,文理学院,查塔姆大学
http://www.liuxuebao.com/cn/search/detail-school.aspx?id=4647,美国,文理学院,佛罕大学
http://www.liuxuebao.com/cn/search/detail-school.aspx?id=4644,美国,文理学院,迪尤肯大学
http://www.liuxuebao.com/cn/search/detail-school.aspx?id=4699,美国,文理学院,岱顿大学
http://www.liuxuebao.com/cn/search/detail-school.aspx?id=4722,美国,文理学院,南卡罗莱纳大学
http://www.liuxuebao.com/cn/search/detail-school.aspx?id=4757,美国,文理学院,爱默生学院
http://www.liuxuebao.com/cn/search/detail-school.aspx?id=4733,美国,文理学院,维克森林大学
http://www.liuxuebao.com/cn/search/detail-school.aspx?id=4817,美国,文理学院,印第安纳大学与普渡大学印第安纳波里斯联合校区
http://www.liuxuebao.com/cn/search/detail-school.aspx?id=4654,美国,文理学院,印地安纳大学伯明顿分校
http://www.liuxuebao.com/cn/search/detail-school.aspx?id=4697,美国,文理学院,科罗拉多大学波尔得校区
http://www.liuxuebao.com/cn/search/detail-school.aspx?id=4684,美国,文理学院,德克萨斯大学奥斯汀分校
http://www.liuxuebao.com/cn/search/detail-school.aspx?id=4633,美国,文理学院,卡内基美隆大学
http://www.liuxuebao.com/cn/search/detail-school.aspx?id=4693,美国,文理学院,加州大学圣地亚哥分校
http://www.liuxuebao.com/cn/search/detail-school.aspx?id=4729,美国,文理学院,华盛顿大学
http://www.liuxuebao.com/cn/search/detail-school.aspx?id=4683,美国,文理学院,北卡罗来纳大学教堂山校区
http://www.liuxuebao.com/cn/search/detail-school.aspx?id=4631,美国,文理学院,布朗大学
http://www.liuxuebao.com/cn/search/detail-school.aspx?id=4663,美国,文理学院,纽约大学
http://www.liuxuebao.com/cn/search/detail-school.aspx?id=4691,美国,文理学院,加州大学洛杉矶分校
http://www.liuxuebao.com/cn/search/detail-school.aspx?id=4730,美国,文理学院,威斯康星大学麦迪逊校区
http://www.liuxuebao.com/cn/search/detail-school.aspx?id=4666,美国,文理学院,西北大学
http://www.liuxuebao.com/cn/search/detail-school.aspx?id=4688,美国,文理学院,加州大学伯克利分校
http://www.liuxuebao.com/cn/search/detail-school.aspx?id=4643,美国,文理学院,杜克大学
http://www.liuxuebao.com/cn/search/detail-school.aspx?id=4668,美国,文理学院,宾夕法尼亚州立大学
http://www.liuxuebao.com/cn/search/detail-school.aspx?id=4667,美国,文理学院,俄亥俄州立大学
http://www.liuxuebao.com/cn/search/detail-school.aspx?id=4718,美国,文理学院,匹兹堡大学
http://www.liuxuebao.com/cn/search/detail-school.aspx?id=4650,美国,文理学院,佐治亚理工学院
http://www.liuxuebao.com/cn/search/detail-school.aspx?id=4671,美国,文理学院,普渡大学
http://www.liuxuebao.com/cn/search/detail-school.aspx?id=4665,美国,文理学院,东北大学
http://www.liuxuebao.com/cn/search/detail-school.aspx?id=4711,美国,文理学院,明尼苏达大学双城分校
http://www.liuxuebao.com/cn/search/detail-school.aspx?id=4739,美国,文理学院,凯斯西储大学
http://www.liuxuebao.com/cn/search/detail-school.aspx?id=4735,美国,文理学院,华盛顿大学圣路易斯分校
http://www.liuxuebao.com/cn/search/detail-school.aspx?id=4689,美国,文理学院,加州大学戴维斯分校
http://www.liuxuebao.com/cn/search/detail-school.aspx?id=4674,美国,文理学院,罗格斯大学
http://www.liuxuebao.com/cn/search/detail-school.aspx?id=4681,美国,文理学院,德州农工大学
http://www.liuxuebao.com/cn/search/detail-school.aspx?id=4628,美国,文理学院,波士顿大学
http://www.liuxuebao.com/cn/search/detail-school.aspx?id=4719,美国,文理学院,罗切斯特大学
http://www.liuxuebao.com/cn/search/detail-school.aspx?id=4690,美国,文理学院,加州大学欧文分校
http://www.liuxuebao.com/cn/search/detail-school.aspx?id=4645,美国,文理学院,埃默里大学
http://www.liuxuebao.com/cn/search/detail-school.aspx?id=4673,美国,文理学院,莱斯大学
http://www.liuxuebao.com/cn/search/detail-school.aspx?id=4728,美国,文理学院,弗吉尼亚大学
http://www.liuxuebao.com/cn/search/detail-school.aspx?id=4694,美国,文理学院,加州大学圣芭芭拉分校
http://www.liuxuebao.com/cn/search/detail-school.aspx?id=4641,美国,文理学院,达特茅斯学院
http://www.liuxuebao.com/cn/search/detail-school.aspx?id=4723,美国,文理学院,南加州大学
http://www.liuxuebao.com/cn/search/detail-school.aspx?id=4707,美国,文理学院,马里兰大学
http://www.liuxuebao.com/cn/search/detail-school.aspx?id=4743,美国,文理学院,俄勒冈州立大学
http://www.liuxuebao.com/cn/search/detail-school.aspx?id=4705,美国,文理学院,爱荷华大学
http://www.liuxuebao.com/cn/search/detail-school.aspx?id=4709,美国,文理学院,迈阿密大学
http://www.liuxuebao.com/cn/search/detail-school.aspx?id=4714,美国,文理学院,圣母诺特丹大学
http://www.liuxuebao.com/cn/search/detail-school.aspx?id=4685,美国,文理学院,塔夫斯大学
http://www.liuxuebao.com/cn/search/detail-school.aspx?id=4747,美国,文理学院,辛辛那提大学
http://www.liuxuebao.com/cn/search/detail-school.aspx?id=4704,美国,文理学院,伊利诺伊大学香槟校区
http://www.liuxuebao.com/cn/search/detail-school.aspx?id=4649,美国,文理学院,乔治城大学
http://www.liuxuebao.com/cn/search/detail-school.aspx?id=4731,美国,文理学院,范德堡大学
http://www.liuxuebao.com/cn/search/detail-school.aspx?id=4702,美国,文理学院,佛罗里达大学
http://www.liuxuebao.com/cn/search/detail-school.aspx?id=4661,美国,文理学院,密歇根州立大学
http://www.liuxuebao.com/cn/search/detail-school.aspx?id=4648,美国,文理学院,乔治华盛顿大学
http://www.liuxuebao.com/cn/search/detail-school.aspx?id=4629,美国,文理学院,布兰戴斯大学
http://www.liuxuebao.com/cn/search/detail-school.aspx?id=4732,美国,文理学院,弗吉尼亚理工大学
http://www.liuxuebao.com/cn/search/detail-school.aspx?id=4655,美国,文理学院,爱荷华州立大学
http://www.liuxuebao.com/cn/search/detail-school.aspx?id=4695,美国,文理学院,加州大学圣克鲁兹分校
http://www.liuxuebao.com/cn/search/detail-school.aspx?id=4664,美国,文理学院,北卡罗来纳州立大学
http://www.liuxuebao.com/cn/search/detail-school.aspx?id=4687,美国,文理学院,纽约州立大学布法罗分校
http://www.liuxuebao.com/cn/search/detail-school.aspx?id=4750,美国,文理学院,南佛罗里达大学
http://www.liuxuebao.com/cn/search/detail-school.aspx?id=4692,美国,文理学院,加州大学河滨分校
http://www.liuxuebao.com/cn/search/detail-school.aspx?id=4738,美国,文理学院,叶史瓦大学
http://www.liuxuebao.com/cn/search/detail-school.aspx?id=4716,美国,文理学院,俄勒冈大学
http://www.liuxuebao.com/cn/search/detail-school.aspx?id=4708,美国,文理学院,马萨诸塞大学阿姆赫斯特分校
http://www.liuxuebao.com/cn/search/detail-school.aspx?id=4713,美国,文理学院,新罕布什尔大学
http://www.liuxuebao.com/cn/search/detail-school.aspx?id=4662,美国,文理学院,密歇根理工大学
http://www.liuxuebao.com/cn/search/detail-school.aspx?id=4727,美国,文理学院,佛蒙特大学
http://www.liuxuebao.com/cn/search/detail-school.aspx?id=4657,美国,文理学院,利哈伊大学
http://www.liuxuebao.com/cn/search/detail-school.aspx?id=4712,美国,文理学院,内布拉斯加大学林肯校区
http://www.liuxuebao.com/cn/search/detail-school.aspx?id=4715,美国,文理学院,俄克拉荷马大学
http://www.liuxuebao.com/cn/search/detail-school.aspx?id=4623,美国,文理学院,美利坚大学
http://www.liuxuebao.com/cn/search/detail-school.aspx?id=4642,美国,文理学院,德雷克赛尔大学
http://www.liuxuebao.com/cn/search/detail-school.aspx?id=4700,美国,文理学院,特拉华大学
http://www.liuxuebao.com/cn/search/detail-school.aspx?id=4646,美国,文理学院,佛罗里达州立大学
http://www.liuxuebao.com/cn/search/detail-school.aspx?id=4763,美国,文理学院,佩斯大学
http://www.liuxuebao.com/cn/search/detail-school.aspx?id=4760,美国,文理学院,巴布森学院
http://www.liuxuebao.com/cn/search/detail-school.aspx?id=4762,美国,文理学院,伊利诺伊大学芝加哥分校
http://www.liuxuebao.com/cn/search/detail-school.aspx?id=4761,美国,文理学院,费尔菲尔德大学
http://www.liuxuebao.com/cn/search/detail-school.aspx?id=4720,美国,文理学院,圣地亚哥大学
http://www.liuxuebao.com/cn/search/detail-school.aspx?id=4721,美国,文理学院,旧金山大学
http://www.liuxuebao.com/cn/search/detail-school.aspx?id=4660,美国,文理学院,迈阿密大学（牛津）
http://www.liuxuebao.com/cn/search/detail-school.aspx?id=4634,美国,文理学院,美国天主教大学
http://www.liuxuebao.com/cn/search/detail-school.aspx?id=4638,美国,文理学院,科罗拉多矿业大学
http://www.liuxuebao.com/cn/search/detail-school.aspx?id=4767,美国,文理学院,阿拉巴马大学
http://www.liuxuebao.com/cn/search/detail-school.aspx?id=4766,美国,文理学院,亚利桑那州立大学
http://www.liuxuebao.com/cn/search/detail-school.aspx?id=4758,美国,文理学院,巴鲁克学院
http://www.liuxuebao.com/cn/search/detail-school.aspx?id=4741,美国,文理学院,克莱姆森大学
http://www.liuxuebao.com/cn/search/detail-school.aspx?id=4771,美国,文理学院,乔治梅森大学
http://www.liuxuebao.com/cn/search/detail-school.aspx?id=4701,美国,文理学院,丹佛大学
http://www.liuxuebao.com/cn/search/detail-school.aspx?id=4636,美国,文理学院,克拉克森大学
http://www.liuxuebao.com/cn/search/detail-school.aspx?id=4635,美国,文理学院,克拉克大学
http://www.liuxuebao.com/cn/search/detail-school.aspx?id=4652,美国,文理学院,哈沃德大学
http://www.liuxuebao.com/cn/search/detail-school.aspx?id=4675,美国,文理学院,南卫理公会大学
http://www.liuxuebao.com/cn/search/detail-school.aspx?id=4658,美国,文理学院,芝加哥洛约拉大学
http://www.liuxuebao.com/cn/search/detail-school.aspx?id=4680,美国,文理学院,锡拉丘兹大学
http://www.liuxuebao.com/cn/search/detail-school.aspx?id=4736,美国,文理学院,伍斯特理工学院
http://www.liuxuebao.com/cn/search/detail-school.aspx?id=4776,美国,文理学院,麻省大学波士顿分校
http://www.liuxuebao.com/cn/search/detail-school.aspx?id=4637,美国,文理学院,威廉与玛丽学院
http://www.liuxuebao.com/cn/search/detail-school.aspx?id=4768,美国,文理学院,科罗拉多州立大学
http://www.liuxuebao.com/cn/search/detail-school.aspx?id=4724,美国,文理学院,田纳西大学
http://www.liuxuebao.com/cn/search/detail-school.aspx?id=4686,美国,文理学院,杜兰大学
http://www.liuxuebao.com/cn/search/detail-school.aspx?id=4703,美国,文理学院,乔治亚大学
http://www.liuxuebao.com/cn/search/detail-school.aspx?id=4698,美国,文理学院,康涅狄格大学
http://www.liuxuebao.com/cn/search/detail-school.aspx?id=4759,美国,文理学院,德克萨斯大学达拉斯分校
http://www.liuxuebao.com/cn/search/detail-school.aspx?id=4706,美国,文理学院,堪萨斯大学
http://www.liuxuebao.com/cn/search/detail-school.aspx?id=4734,美国,文理学院,华盛顿州立大学
http://www.liuxuebao.com/cn/search/detail-school.aspx?id=4653,美国,文理学院,伊利诺理工学院
http://www.liuxuebao.com/cn/search/detail-school.aspx?id=4672,美国,文理学院,伦斯勒理工学院
http://www.liuxuebao.com/cn/search/detail-school.aspx?id=4627,美国,文理学院,波士顿学院
http://www.liuxuebao.com/cn/search/detail-school.aspx?id=4679,美国,文理学院,纽约州立大学石溪分校
http://www.liuxuebao.com/cn/search/detail-school.aspx?id=4756,美国,文理学院,密歇根大学迪尔本分校
http://www.liuxuebao.com/cn/search/detail-school.aspx?id=4755,美国,文理学院,霍夫斯特拉大学
http://www.liuxuebao.com/cn/search/detail-school.aspx?id=4749,美国,文理学院,密苏里大学圣路易斯校区
http://www.liuxuebao.com/cn/search/detail-school.aspx?id=4748,美国,文理学院,拉文大学
http://www.liuxuebao.com/cn/search/detail-school.aspx?id=4746,美国,文理学院,阿拉巴马大学伯明翰分校
http://www.liuxuebao.com/cn/search/detail-school.aspx?id=4682,美国,文理学院,德克萨斯基督教大学
http://www.liuxuebao.com/cn/search/detail-school.aspx?id=4678,美国,文理学院,史蒂文斯科技学院
http://www.liuxuebao.com/cn/search/detail-school.aspx?id=4745,美国,文理学院,麻省州立大学卢维尔分校
http://www.liuxuebao.com/cn/search/detail-school.aspx?id=4676,美国,文理学院,圣路易斯大学
http://www.liuxuebao.com/cn/search/detail-school.aspx?id=4669,美国,文理学院,佩珀代因大学
http://www.liuxuebao.com/cn/search/detail-school.aspx?id=4726,美国,文理学院,塔尔萨大学
http://www.liuxuebao.com/cn/search/detail-school.aspx?id=4725,美国,文理学院,太平洋大学
http://www.liuxuebao.com/cn/search/detail-school.aspx?id=4744,美国,文理学院,麻省大学达特茅斯分校
http://www.liuxuebao.com/cn/search/detail-school.aspx?id=4625,美国,文理学院,贝勒大学
http://www.liuxuebao.com/cn/search/detail-school.aspx?id=4630,美国,文理学院,杨百翰大学
http://www.liuxuebao.com/cn/search/detail-school.aspx?id=4626,美国,文理学院,纽约州立大学宾汉姆顿大学
http://www.liuxuebao.com/cn/search/detail-school.aspx?id=4775,美国,文理学院,缅因大学
http://www.liuxuebao.com/cn/search/detail-school.aspx?id=4624,美国,文理学院,奥本大学
http://www.liuxuebao.com/cn/search/detail-school.aspx?id=4773,美国,文理学院,马歇尔大学
http://www.liuxuebao.com/cn/search/detail-school.aspx?id=4772,美国,文理学院,长岛大学
http://www.liuxuebao.com/cn/search/detail-school.aspx?id=4769,美国,文理学院,德鲁大学
http://www.liuxuebao.com/cn/search/detail-school.aspx?id=4764,美国,文理学院,天普大学
http://www.liuxuebao.com/cn/search/detail-school.aspx?id=4765,美国,文理学院,本特利大学
http://www.liuxuebao.com/cn/search/detail-school.aspx?id=4754,美国,文理学院,萨福克大学
http://www.liuxuebao.com/cn/search/detail-school.aspx?id=4753,美国,文理学院,纽约电影学院
http://www.liuxuebao.com/cn/search/detail-school.aspx?id=4752,美国,文理学院,瓦格纳学院
http://www.liuxuebao.com/cn/search/detail-school.aspx?id=4808,美国,文理学院,菲舍尔学院
http://www.liuxuebao.com/cn/search/detail-school.aspx?id=4809,美国,文理学院,德安萨学院
http://www.liuxuebao.com/cn/search/detail-school.aspx?id=4807,美国,文理学院,菲尔莱狄更斯大学
http://www.liuxuebao.com/cn/search/detail-school.aspx?id=4806,美国,文理学院,迪恩学院
http://www.liuxuebao.com/cn/search/detail-school.aspx?id=4805,美国,文理学院,加利福尼亚路德大学
http://www.liuxuebao.com/cn/search/detail-school.aspx?id=4804,美国,文理学院,贝尼迪克坦学院
http://www.liuxuebao.com/cn/search/detail-school.aspx?id=4803,美国,文理学院,贝尔蒙特阿贝学院
http://www.liuxuebao.com/cn/search/detail-school.aspx?id=4802,美国,文理学院,贝拉明大学
http://www.liuxuebao.com/cn/search/detail-school.aspx?id=4801,美国,文理学院,阿肯色州立大学
http://www.liuxuebao.com/cn/search/detail-school.aspx?id=4800,美国,文理学院,奥尔布赖特学院
http://www.liuxuebao.com/cn/search/detail-school.aspx?id=4777,美国,文理学院,西肯塔基大学
http://www.liuxuebao.com/cn/search/detail-school.aspx?id=4864,加拿大,语言学校,约克公立教育局
http://www.liuxuebao.com/cn/search/detail-school.aspx?id=4863,加拿大,语言学校,温哥华公立教育局
http://www.liuxuebao.com/cn/search/detail-school.aspx?id=4860,加拿大,语言学校,圣詹亚校区
http://www.liuxuebao.com/cn/search/detail-school.aspx?id=4862,加拿大,语言学校,多伦多公立教育局
http://www.liuxuebao.com/cn/search/detail-school.aspx?id=4859,加拿大,语言学校,列治文教育局
http://www.liuxuebao.com/cn/search/detail-school.aspx?id=4710,美国,文理学院,密歇根大学
http://www.liuxuebao.com/cn/search/detail-school.aspx?id=4640,美国,文理学院,康奈尔大学
http://www.liuxuebao.com/cn/search/detail-school.aspx?id=4656,美国,文理学院,约翰霍普金斯大学
http://www.liuxuebao.com/cn/search/detail-school.aspx?id=4639,美国,文理学院,哥伦比亚大学
http://www.liuxuebao.com/cn/search/detail-school.aspx?id=4717,美国,文理学院,宾夕法尼亚大学
http://www.liuxuebao.com/cn/search/detail-school.aspx?id=4632,美国,文理学院,加州理工学院
http://www.liuxuebao.com/cn/search/detail-school.aspx?id=4670,美国,文理学院,普林斯顿大学
http://www.liuxuebao.com/cn/search/detail-school.aspx?id=4696,美国,文理学院,芝加哥大学
http://www.liuxuebao.com/cn/search/detail-school.aspx?id=4737,美国,文理学院,耶鲁大学
http://www.liuxuebao.com/cn/search/detail-school.aspx?id=4677,美国,文理学院,斯坦福大学
http://www.liuxuebao.com/cn/search/detail-school.aspx?id=4651,美国,文理学院,哈佛大学
http://www.liuxuebao.com/cn/search/detail-school.aspx?id=4659,美国,文理学院,麻省理工学院
http://www.liuxuebao.com/cn/search/detail-school.aspx?id=4915,瑞士,私立学校,瑞士国际酒店与旅游管理学院(HTMi)
http://www.liuxuebao.com/cn/search/detail-school.aspx?id=4913,瑞士,私立学校,瑞士格里昂高等教育学院(Glion)
http://www.liuxuebao.com/cn/search/detail-school.aspx?id=4911,瑞士,私立学校,瑞士蒙特勒酒店工商管理大学(HIM)
http://www.liuxuebao.com/cn/search/detail-school.aspx?id=4912,瑞士,私立学校,瑞士理诺士国际酒店管理学院(Le Roches)
http://www.liuxuebao.com/cn/search/detail-school.aspx?id=4914,瑞士,私立学校,瓦岱勒国际酒店与旅游管理学院(Vatel)
http://www.liuxuebao.com/cn/search/detail-school.aspx?id=4910,瑞士,私立学校,瑞士库林那美食艺术管理大学(CAA)
http://www.liuxuebao.com/cn/search/detail-school.aspx?id=4909,瑞士,私立学校,纳沙泰尔酒店管理大学(IHTTI)
http://www.liuxuebao.com/cn/search/detail-school.aspx?id=4908,瑞士,私立学校,瑞士恺撒里兹酒店管理大学(CR)
http://www.liuxuebao.com/cn/search/detail-school.aspx?id=4907,瑞士,私立学校,瑞士酒店管理大学(SHMS)
http://www.liuxuebao.com/cn/search/detail-school.aspx?id=5001,澳洲,语言学校,格利圣约瑟夫学院
http://www.liuxuebao.com/cn/search/detail-school.aspx?id=5000,澳洲,语言学校,吉隆圣约瑟夫学院
http://www.liuxuebao.com/cn/search/detail-school.aspx?id=4989,澳洲,语言学校,敏顿女子文法学校
http://www.liuxuebao.com/cn/search/detail-school.aspx?id=4988,澳洲,语言学校,罗林斯顿女子学校
http://www.liuxuebao.com/cn/search/detail-school.aspx?id=4987,澳洲,语言学校,卫斯理学院
http://www.liuxuebao.com/cn/search/detail-school.aspx?id=4965,澳洲,语言学校,埃斯伯利高中
http://www.liuxuebao.com/cn/search/detail-school.aspx?id=4964,澳洲,语言学校,布里斯班斯图特何姆学校
http://www.liuxuebao.com/cn/search/detail-school.aspx?id=4963,澳洲,语言学校,昆士兰路德希尔女子学院
http://www.liuxuebao.com/cn/search/detail-school.aspx?id=4962,澳洲,语言学校,昆士兰圣劳伦斯学院
http://www.liuxuebao.com/cn/search/detail-school.aspx?id=4953,澳洲,语言学校,南港中学
http://www.liuxuebao.com/cn/search/detail-school.aspx?id=4929,澳洲,语言学校,维多利亚州政府中学
http://www.liuxuebao.com/cn/search/detail-school.aspx?id=4928,澳洲,语言学校,塔斯马尼亚政府中学
http://www.liuxuebao.com/cn/search/detail-school.aspx?id=4345,澳洲,语言学校,斯威本科技大学
http://www.liuxuebao.com/cn/search/detail-school.aspx?id=4364,澳洲,语言学校,维多利亚大学
http://www.liuxuebao.com/cn/search/detail-school.aspx?id=4342,澳洲,语言学校,昆士兰科技大学
http://www.liuxuebao.com/cn/search/detail-school.aspx?id=4350,澳洲,语言学校,纽卡斯尔大学
http://www.liuxuebao.com/cn/search/detail-school.aspx?id=4339,澳洲,语言学校,麦考瑞大学
http://www.liuxuebao.com/cn/search/detail-school.aspx?id=4363,澳洲,语言学校,伍伦贡大学
http://www.liuxuebao.com/cn/search/detail-school.aspx?id=4326,澳洲,语言学校,阿德莱德大学
http://www.liuxuebao.com/cn/search/detail-school.aspx?id=4354,澳洲,语言学校,西澳大学
http://www.liuxuebao.com/cn/search/detail-school.aspx?id=4349,澳洲,语言学校,新南威尔士大学
http://www.liuxuebao.com/cn/search/detail-school.aspx?id=4340,澳洲,语言学校,莫纳什大学
http://www.liuxuebao.com/cn/search/detail-school.aspx?id=4346,澳洲,语言学校,澳大利亚国立大学
http://www.liuxuebao.com/cn/search/detail-school.aspx?id=4352,澳洲,语言学校,昆士兰大学
http://www.liuxuebao.com/cn/search/detail-school.aspx?id=4353,澳洲,语言学校,悉尼大学
http://www.liuxuebao.com/cn/search/detail-school.aspx?id=4347,澳洲,语言学校,墨尔本大学
http://www.liuxuebao.com/cn/search/detail-school.aspx?id=4348,澳洲,语言学校,新英格兰大学
http://www.liuxuebao.com/cn/search/detail-school.aspx?id=4329,澳洲,语言学校,中央昆士兰大学
http://www.liuxuebao.com/cn/search/detail-school.aspx?id=4361,澳洲,语言学校,阳光海岸大学
http://www.liuxuebao.com/cn/search/detail-school.aspx?id=4357,澳洲,语言学校,南澳大学
http://www.liuxuebao.com/cn/search/detail-school.aspx?id=4360,澳洲,语言学校,悉尼科技大学
http://www.liuxuebao.com/cn/search/detail-school.aspx?id=4333,澳洲,语言学校,迪肯大学
http://www.liuxuebao.com/cn/search/detail-school.aspx?id=4359,澳洲,语言学校,塔斯马尼亚大学
http://www.liuxuebao.com/cn/search/detail-school.aspx?id=4337,澳洲,语言学校,詹姆斯库克大学
http://www.liuxuebao.com/cn/search/detail-school.aspx?id=4336,澳洲,语言学校,格里菲斯大学
http://www.liuxuebao.com/cn/search/detail-school.aspx?id=4332,澳洲,语言学校,科廷大学
http://www.liuxuebao.com/cn/search/detail-school.aspx?id=4927,澳洲,语言学校,南澳政府中学
http://www.liuxuebao.com/cn/search/detail-school.aspx?id=4926,澳洲,语言学校,昆士兰政府中学
http://www.liuxuebao.com/cn/search/detail-school.aspx?id=4925,澳洲,语言学校,北领地政府中学
http://www.liuxuebao.com/cn/search/detail-school.aspx?id=4924,澳洲,语言学校,堪培拉地区政府中学
http://www.liuxuebao.com/cn/search/detail-school.aspx?id=4922,澳洲,语言学校,新南威尔士政府中学
http://www.liuxuebao.com/cn/search/detail-school.aspx?id=4897,澳洲,语言学校,西悉尼大学
http://www.liuxuebao.com/cn/search/detail-school.aspx?id=4896,澳洲,语言学校,麦尔罗斯中学
http://www.liuxuebao.com/cn/search/detail-school.aspx?id=4334,澳洲,语言学校,埃迪斯科文大学
http://www.liuxuebao.com/cn/search/detail-school.aspx?id=4351,澳洲,语言学校,澳大利亚圣母大学
http://www.liuxuebao.com/cn/search/detail-school.aspx?id=4327,澳洲,语言学校,澳大利亚天主教大学
http://www.liuxuebao.com/cn/search/detail-school.aspx?id=4941,澳洲,语言学校,悉尼雷登豪斯学校
http://www.liuxuebao.com/cn/search/detail-school.aspx?id=4940,澳洲,语言学校,圣菲利普基督教学院
http://www.liuxuebao.com/cn/search/detail-school.aspx?id=4939,澳洲,语言学校,新英格兰女子学校
http://www.liuxuebao.com/cn/search/detail-school.aspx?id=4937,澳洲,语言学校,圣保禄国际学院
http://www.liuxuebao.com/cn/search/detail-school.aspx?id=4935,澳洲,语言学校,阿米代尔学校
http://www.liuxuebao.com/cn/search/detail-school.aspx?id=4936,澳洲,语言学校,泰勒学院悉尼校区
http://www.liuxuebao.com/cn/search/detail-school.aspx?id=4938,澳洲,语言学校,伊拉瓦拉文法学校
http://www.liuxuebao.com/cn/search/detail-school.aspx?id=4934,澳洲,语言学校,史黛拉玛瑞女子学校
http://www.liuxuebao.com/cn/search/detail-school.aspx?id=4933,澳洲,语言学校,彼得沃特豪斯中学
http://www.liuxuebao.com/cn/search/detail-school.aspx?id=4931,澳洲,语言学校,麦卡瑟圣公会学校
http://www.liuxuebao.com/cn/search/detail-school.aspx?id=4932,澳洲,语言学校,圣奥古斯丁学院
http://www.liuxuebao.com/cn/search/detail-school.aspx?id=4330,澳洲,语言学校,查尔斯达尔文大学
http://www.liuxuebao.com/cn/search/detail-school.aspx?id=4362,澳洲,语言学校,澳洲法式蓝带酒店管理学院
http://www.liuxuebao.com/cn/search/detail-school.aspx?id=4328,澳洲,语言学校,邦德大学
http://www.liuxuebao.com/cn/search/detail-school.aspx?id=4930,澳洲,语言学校,西澳政府中学
http://www.liuxuebao.com/cn/search/detail-school.aspx?id=4331,澳洲,语言学校,查尔斯特大学
http://www.liuxuebao.com/cn/search/detail-school.aspx?id=4335,澳洲,语言学校,弗林德斯大学
http://www.liuxuebao.com/cn/search/detail-school.aspx?id=4338,澳洲,语言学校,拉筹伯大学
http://www.liuxuebao.com/cn/search/detail-school.aspx?id=4356,澳洲,语言学校,堪培拉大学
http://www.liuxuebao.com/cn/search/detail-school.aspx?id=4341,澳洲,语言学校,莫道克大学
http://www.liuxuebao.com/cn/search/detail-school.aspx?id=4355,澳洲,语言学校,联邦大学
http://www.liuxuebao.com/cn/search/detail-school.aspx?id=4358,澳洲,语言学校,南昆士兰大学
http://www.liuxuebao.com/cn/search/detail-school.aspx?id=4343,澳洲,语言学校,墨尔本皇家理工大学
http://www.liuxuebao.com/cn/search/detail-school.aspx?id=4344,澳洲,语言学校,南十字星大学
http://www.liuxuebao.com/cn/search/detail-school.aspx?id=4952,澳洲,语言学校,西提泡恩特基督教中学
http://www.liuxuebao.com/cn/search/detail-school.aspx?id=4951,澳洲,语言学校,坎特伯雷学校
http://www.liuxuebao.com/cn/search/detail-school.aspx?id=4950,澳洲,语言学校,欧圣斯中学
http://www.liuxuebao.com/cn/search/detail-school.aspx?id=4948,澳洲,语言学校,约翰保罗国际学院
http://www.liuxuebao.com/cn/search/detail-school.aspx?id=4949,澳洲,语言学校,圣爱登圣公女子学校
http://www.liuxuebao.com/cn/search/detail-school.aspx?id=4947,澳洲,语言学校,达尔文埃辛顿学校
http://www.liuxuebao.com/cn/search/detail-school.aspx?id=4945,澳洲,语言学校,育文武女子学校
http://www.liuxuebao.com/cn/search/detail-school.aspx?id=4946,澳洲,语言学校,悉尼国王男子学校
http://www.liuxuebao.com/cn/search/detail-school.aspx?id=4944,澳洲,语言学校,马沙达学院
http://www.liuxuebao.com/cn/search/detail-school.aspx?id=4943,澳洲,语言学校,美尔惇女子中学
http://www.liuxuebao.com/cn/search/detail-school.aspx?id=4942,澳洲,语言学校,悉尼玫瑰湾圣心女子学校
http://www.liuxuebao.com/cn/search/detail-school.aspx?id=4959,澳洲,语言学校,昆士兰圣希尔达女子中学
http://www.liuxuebao.com/cn/search/detail-school.aspx?id=4961,澳洲,语言学校,昆士兰南十字天主教学院
http://www.liuxuebao.com/cn/search/detail-school.aspx?id=4960,澳洲,语言学校,昆士兰圣托马斯学院
http://www.liuxuebao.com/cn/search/detail-school.aspx?id=4958,澳洲,语言学校,昆士兰圣詹姆士学院
http://www.liuxuebao.com/cn/search/detail-school.aspx?id=4957,澳洲,语言学校,圣保罗学校
http://www.liuxuebao.com/cn/search/detail-school.aspx?id=4956,澳洲,语言学校,布里斯本文法学校
http://www.liuxuebao.com/cn/search/detail-school.aspx?id=4955,澳洲,语言学校,林基督教学院
http://www.liuxuebao.com/cn/search/detail-school.aspx?id=4954,澳洲,语言学校,伊普斯维奇文法学校
http://www.liuxuebao.com/cn/search/detail-school.aspx?id=4977,澳洲,语言学校,阿尔弗雷德王子中学
http://www.liuxuebao.com/cn/search/detail-school.aspx?id=4976,澳洲,语言学校,梅赛德斯学院
http://www.liuxuebao.com/cn/search/detail-school.aspx?id=4975,澳洲,语言学校,苏格兰学院
http://www.liuxuebao.com/cn/search/detail-school.aspx?id=4973,澳洲,语言学校,圣心女子学校
http://www.liuxuebao.com/cn/search/detail-school.aspx?id=4974,澳洲,语言学校,圣安路易斯学校
http://www.liuxuebao.com/cn/search/detail-school.aspx?id=4972,澳洲,语言学校,南澳州圣彼得女子学校
http://www.liuxuebao.com/cn/search/detail-school.aspx?id=4971,澳洲,语言学校,西摩学院
http://www.liuxuebao.com/cn/search/detail-school.aspx?id=4970,澳洲,语言学校,威斯敏斯特学校
http://www.liuxuebao.com/cn/search/detail-school.aspx?id=4969,澳洲,语言学校,依玛努安学院
http://www.liuxuebao.com/cn/search/detail-school.aspx?id=4967,澳洲,语言学校,圣约翰文法学校
http://www.liuxuebao.com/cn/search/detail-school.aspx?id=4968,澳洲,语言学校,伍德克夫特中学
http://www.liuxuebao.com/cn/search/detail-school.aspx?id=4966,澳洲,语言学校,阿德莱德大学附属中学
http://www.liuxuebao.com/cn/search/detail-school.aspx?id=4986,澳洲,语言学校,墨尔本霍尔姆斯学院
http://www.liuxuebao.com/cn/search/detail-school.aspx?id=4985,澳洲,语言学校,卫理会女子学院
http://www.liuxuebao.com/cn/search/detail-school.aspx?id=4984,澳洲,语言学校,凯瑞文法学院
http://www.liuxuebao.com/cn/search/detail-school.aspx?id=4983,澳洲,语言学校,圣三一文法学校
http://www.liuxuebao.com/cn/search/detail-school.aspx?id=4982,澳洲,语言学校,拿撒勒学院
http://www.liuxuebao.com/cn/search/detail-school.aspx?id=4980,澳洲,语言学校,圣迈克尔天主学校
http://www.liuxuebao.com/cn/search/detail-school.aspx?id=4979,澳洲,语言学校,法翰学校
http://www.liuxuebao.com/cn/search/detail-school.aspx?id=4981,澳洲,语言学校,哈臣斯男子中学
http://www.liuxuebao.com/cn/search/detail-school.aspx?id=4999,澳洲,语言学校,玛特克里斯蒂女子学院
http://www.liuxuebao.com/cn/search/detail-school.aspx?id=4978,澳洲,语言学校,弗莱德学校
http://www.liuxuebao.com/cn/search/detail-school.aspx?id=4998,澳洲,语言学校,圣阿罗伊斯学校
http://www.liuxuebao.com/cn/search/detail-school.aspx?id=4997,澳洲,语言学校,怀特弗利男子学院
http://www.liuxuebao.com/cn/search/detail-school.aspx?id=4996,澳洲,语言学校,西尔本文法学校
http://www.liuxuebao.com/cn/search/detail-school.aspx?id=4995,澳洲,语言学校,比兰努克学院
http://www.liuxuebao.com/cn/search/detail-school.aspx?id=4993,澳洲,语言学校,廷腾学校
http://www.liuxuebao.com/cn/search/detail-school.aspx?id=4994,澳洲,语言学校,亚拉河谷文法学校
http://www.liuxuebao.com/cn/search/detail-school.aspx?id=4992,澳洲,语言学校,艾蒙豪文法学院
http://www.liuxuebao.com/cn/search/detail-school.aspx?id=4991,澳洲,语言学校,基隆学院
http://www.liuxuebao.com/cn/search/detail-school.aspx?id=4990,澳洲,语言学校,图拉克女子学校
http://www.liuxuebao.com/cn/search/detail-school.aspx?id=4781,港澳,公立大学,香港树仁大学
http://www.liuxuebao.com/cn/search/detail-school.aspx?id=4789,港澳,公立大学,澳门科技大学
http://www.liuxuebao.com/cn/search/detail-school.aspx?id=4780,港澳,公立大学,香港浸会大学
http://www.liuxuebao.com/cn/search/detail-school.aspx?id=4782,港澳,公立大学,岭南大学
http://www.liuxuebao.com/cn/search/detail-school.aspx?id=4787,港澳,公立大学,香港教育学院
http://www.liuxuebao.com/cn/search/detail-school.aspx?id=4788,港澳,公立大学,澳门大学
http://www.liuxuebao.com/cn/search/detail-school.aspx?id=4784,港澳,公立大学,香港理工大学
http://www.liuxuebao.com/cn/search/detail-school.aspx?id=4783,港澳,公立大学,香港中文大学
http://www.liuxuebao.com/cn/search/detail-school.aspx?id=4779,港澳,公立大学,香港城市大学
http://www.liuxuebao.com/cn/search/detail-school.aspx?id=4786,港澳,公立大学,香港大学
http://www.liuxuebao.com/cn/search/detail-school.aspx?id=4785,港澳,公立大学,香港科技大学
http://www.liuxuebao.com/cn/search/detail-school.aspx?id=4616,加拿大,综合类大学,维多利亚大学
http://www.liuxuebao.com/cn/search/detail-school.aspx?id=4599,加拿大,综合类大学,温尼伯大学
http://www.liuxuebao.com/cn/search/detail-school.aspx?id=4595,加拿大,综合类大学,女皇大学
http://www.liuxuebao.com/cn/search/detail-school.aspx?id=4611,加拿大,综合类大学,渥太华大学
http://www.liuxuebao.com/cn/search/detail-school.aspx?id=4619,加拿大,综合类大学,温莎大学
http://www.liuxuebao.com/cn/search/detail-school.aspx?id=4607,加拿大,综合类大学,曼尼托巴大学  
http://www.liuxuebao.com/cn/search/detail-school.aspx?id=4591,加拿大,综合类大学,麦克马斯特大学
http://www.liuxuebao.com/cn/search/detail-school.aspx?id=4596,加拿大,综合类大学,瑞尔森大学
http://www.liuxuebao.com/cn/search/detail-school.aspx?id=4598,加拿大,综合类大学,西门菲莎大学
http://www.liuxuebao.com/cn/search/detail-school.aspx?id=4603,加拿大,综合类大学,阿尔伯塔大学
http://www.liuxuebao.com/cn/search/detail-school.aspx?id=4587,加拿大,综合类大学,蒙特利尔大学
http://www.liuxuebao.com/cn/search/detail-school.aspx?id=4615,加拿大,综合类大学,多伦多大学 
http://www.liuxuebao.com/cn/search/detail-school.aspx?id=4590,加拿大,综合类大学,麦吉尔大学
http://www.liuxuebao.com/cn/search/detail-school.aspx?id=4604,加拿大,综合类大学,英属哥伦比亚大学
http://www.liuxuebao.com/cn/search/detail-school.aspx?id=4600,加拿大,综合类大学,汤普森河大学
http://www.liuxuebao.com/cn/search/detail-school.aspx?id=4602,加拿大,综合类大学,西三一大学
http://www.liuxuebao.com/cn/search/detail-school.aspx?id=4849,加拿大,综合类大学,哥伦比亚学院
http://www.liuxuebao.com/cn/search/detail-school.aspx?id=4608,加拿大,综合类大学,新布伦瑞克大学
http://www.liuxuebao.com/cn/search/detail-school.aspx?id=4858,加拿大,综合类大学,奥提根学院
http://www.liuxuebao.com/cn/search/detail-school.aspx?id=4601,加拿大,综合类大学,特伦特大学
http://www.liuxuebao.com/cn/search/detail-school.aspx?id=4620,加拿大,综合类大学,温哥华岛大学
http://www.liuxuebao.com/cn/search/detail-school.aspx?id=4593,加拿大,综合类大学,圣文森特山大学
http://www.liuxuebao.com/cn/search/detail-school.aspx?id=4854,加拿大,综合类大学,道格拉斯学院
http://www.liuxuebao.com/cn/search/detail-school.aspx?id=4597,加拿大,综合类大学,圣玛丽大学
http://www.liuxuebao.com/cn/search/detail-school.aspx?id=4613,加拿大,综合类大学,里贾纳大学
http://www.liuxuebao.com/cn/search/detail-school.aspx?id=4609,加拿大,综合类大学,北英属哥伦比亚大学
http://www.liuxuebao.com/cn/search/detail-school.aspx?id=4606,加拿大,综合类大学,莱斯桥大学
http://www.liuxuebao.com/cn/search/detail-school.aspx?id=4621,加拿大,综合类大学,劳里埃大学
http://www.liuxuebao.com/cn/search/detail-school.aspx?id=4614,加拿大,综合类大学,萨省大学
http://www.liuxuebao.com/cn/search/detail-school.aspx?id=4585,加拿大,综合类大学,康考迪亚大学
http://www.liuxuebao.com/cn/search/detail-school.aspx?id=4605,加拿大,综合类大学,圭尔夫大学
http://www.liuxuebao.com/cn/search/detail-school.aspx?id=4592,加拿大,综合类大学,纽芬兰纪念大学
http://www.liuxuebao.com/cn/search/detail-school.aspx?id=4622,加拿大,综合类大学,约克大学
http://www.liuxuebao.com/cn/search/detail-school.aspx?id=4586,加拿大,综合类大学,戴尔豪西大学
http://www.liuxuebao.com/cn/search/detail-school.aspx?id=4617,加拿大,综合类大学,滑铁卢大学
http://www.liuxuebao.com/cn/search/detail-school.aspx?id=4618,加拿大,综合类大学,西安大略大学
http://www.liuxuebao.com/cn/search/detail-school.aspx?id=5206,新西兰,中学,惠灵顿学校
http://www.liuxuebao.com/cn/search/detail-school.aspx?id=4904,爱尔兰,中学,利莫瑞克大学
http://www.liuxuebao.com/cn/search/detail-school.aspx?id=4905,爱尔兰,中学,国立梅努斯大学
http://www.liuxuebao.com/cn/search/detail-school.aspx?id=4906,爱尔兰,中学,都柏林理工学院
http://www.liuxuebao.com/cn/search/detail-school.aspx?id=4903,爱尔兰,中学,国立高威大学
http://www.liuxuebao.com/cn/search/detail-school.aspx?id=4902,爱尔兰,中学,国立科克大学
http://www.liuxuebao.com/cn/search/detail-school.aspx?id=4900,爱尔兰,中学,都柏林圣三一学院
http://www.liuxuebao.com/cn/search/detail-school.aspx?id=4901,爱尔兰,中学,都柏林大学
http://www.liuxuebao.com/cn/search/detail-school.aspx?id=4923,新西兰,中学,新西兰国立理工学院
http://www.liuxuebao.com/cn/search/detail-school.aspx?id=4899,新西兰,中学,新西兰基础商学院
http://www.liuxuebao.com/cn/search/detail-school.aspx?id=4320,新西兰,中学,梅西大学
http://www.liuxuebao.com/cn/search/detail-school.aspx?id=4319,新西兰,中学,林肯大学
http://www.liuxuebao.com/cn/search/detail-school.aspx?id=4322,新西兰,中学,怀卡托大学
http://www.liuxuebao.com/cn/search/detail-school.aspx?id=4323,新西兰,中学,坎特伯雷大学
http://www.liuxuebao.com/cn/search/detail-school.aspx?id=4318,新西兰,中学,奥克兰理工大学
http://www.liuxuebao.com/cn/search/detail-school.aspx?id=4325,新西兰,中学,惠灵顿维多利亚大学
http://www.liuxuebao.com/cn/search/detail-school.aspx?id=4321,新西兰,中学,奥克兰大学
http://www.liuxuebao.com/cn/search/detail-school.aspx?id=4324,新西兰,中学,奥塔哥大学
